<?xml version="1.0" encoding="UTF-8"?>
<idempiere Name="org.tgi.gps-coordinates-googlemaps" Version="1" idempiereVersion="" DataBaseVersion="" Description="Add 2 fields on C_Location : Latitude and Longitude to store location's coordinates" Author="" AuthorEmail="nmicoud@tgi.fr" CreatedDate="2015-01-09 14:49:23.0" UpdatedDate="2015-01-09 14:50:09.0" PackOutVersion="100" UpdateDictionary="false" Client="0-SYSTEM-System" AD_Client_UU="11237b53-9592-4af1-b3c5-afd216514b5d">
    <AD_EntityType type="table">
        <AD_Client_ID>0</AD_Client_ID>
        <AD_Org_ID>0</AD_Org_ID>
        <AD_EntityType_UU>4876fa9c-f797-451d-a679-269ad6e85968</AD_EntityType_UU>
        <Classpath/>
        <Description/>
        <EntityType>TGI</EntityType>
        <Help>nmicoud@tgi.fr</Help>
        <IsActive>true</IsActive>
        <ModelPackage/>
        <Name>T.G.I.</Name>
        <Processing>false</Processing>
        <Version/>
    </AD_EntityType>
    <AD_Element type="table">
        <AD_Client_ID>0</AD_Client_ID>
        <AD_Org_ID>0</AD_Org_ID>
        <AD_Element_UU>f24485a4-e6b6-4fe1-8cba-ffaf7a030c3c</AD_Element_UU>
        <ColumnName>Latitude</ColumnName>
        <Description/>
        <EntityType>TGI</EntityType>
        <Help/>
        <IsActive>true</IsActive>
        <Name>Latitude</Name>
        <PO_Description/>
        <PO_Help/>
        <PO_Name/>
        <PO_PrintName/>
        <PrintName>Latitude</PrintName>
        <AD_Element_Trl type="translation">
            <Description/>
            <Help/>
            <Name>Latitude</Name>
            <PO_Description/>
            <PO_Help/>
            <PO_Name/>
            <PO_PrintName/>
            <PrintName>Latitude</PrintName>
            <AD_Language>es_CO</AD_Language>
            <IsActive>true</IsActive>
            <IsTranslated>false</IsTranslated>
        </AD_Element_Trl>
    </AD_Element>
    <AD_Column type="table">
        <IsSyncDatabase>Y</IsSyncDatabase>
        <AD_Table_ID reference="id">162</AD_Table_ID>
        <AD_Reference_Value_ID reference="id"/>
        <AD_Client_ID>0</AD_Client_ID>
        <AD_Org_ID>0</AD_Org_ID>
        <AD_Chart_ID reference="id"/>
        <AD_Column_UU>815f0fe4-d276-440c-bf5b-c697e6016de7</AD_Column_UU>
        <AD_Element_ID reference="uuid" reference-key="AD_Element">f24485a4-e6b6-4fe1-8cba-ffaf7a030c3c</AD_Element_ID>
        <AD_Process_ID reference="id"/>
        <AD_Reference_ID reference="id">10</AD_Reference_ID>
        <AD_Val_Rule_ID reference="id"/>
        <Callout/>
        <ColumnName>Latitude</ColumnName>
        <ColumnSQL/>
        <DefaultValue/>
        <Description/>
        <EntityType>TGI</EntityType>
        <FKConstraintName/>
        <FKConstraintType>N</FKConstraintType>
        <FieldLength>30</FieldLength>
        <FormatPattern/>
        <Help/>
        <IsActive>true</IsActive>
        <IsAllowCopy>true</IsAllowCopy>
        <IsAllowLogging>true</IsAllowLogging>
        <IsAlwaysUpdateable>false</IsAlwaysUpdateable>
        <IsAutocomplete>false</IsAutocomplete>
        <IsEncrypted>N</IsEncrypted>
        <IsIdentifier>false</IsIdentifier>
        <IsKey>false</IsKey>
        <IsMandatory>false</IsMandatory>
        <IsParent>false</IsParent>
        <IsSecure>false</IsSecure>
        <IsSelectionColumn>false</IsSelectionColumn>
        <IsToolbarButton>false</IsToolbarButton>
        <IsTranslated>false</IsTranslated>
        <IsUpdateable>true</IsUpdateable>
        <MandatoryLogic/>
        <Name>Latitude</Name>
        <ReadOnlyLogic/>
        <SeqNo>0</SeqNo>
        <SeqNoSelection>0</SeqNoSelection>
        <VFormat/>
        <ValueMax/>
        <ValueMin/>
        <Version>0</Version>
    </AD_Column>
    <AD_Element type="table">
        <AD_Client_ID>0</AD_Client_ID>
        <AD_Org_ID>0</AD_Org_ID>
        <AD_Element_UU>cebfcd7f-48e3-41a4-b9dc-b2e2262396dd</AD_Element_UU>
        <ColumnName>Longitude</ColumnName>
        <Description/>
        <EntityType>TGI</EntityType>
        <Help/>
        <IsActive>true</IsActive>
        <Name>Longitude</Name>
        <PO_Description/>
        <PO_Help/>
        <PO_Name/>
        <PO_PrintName/>
        <PrintName>Longitude</PrintName>
        <AD_Element_Trl type="translation">
            <Description/>
            <Help/>
            <Name>Longitude</Name>
            <PO_Description/>
            <PO_Help/>
            <PO_Name/>
            <PO_PrintName/>
            <PrintName>Longitude</PrintName>
            <AD_Language>es_CO</AD_Language>
            <IsActive>true</IsActive>
            <IsTranslated>false</IsTranslated>
        </AD_Element_Trl>
    </AD_Element>
    <AD_Column type="table">
        <IsSyncDatabase>Y</IsSyncDatabase>
        <AD_Table_ID reference="id">162</AD_Table_ID>
        <AD_Reference_Value_ID reference="id"/>
        <AD_Client_ID>0</AD_Client_ID>
        <AD_Org_ID>0</AD_Org_ID>
        <AD_Chart_ID reference="id"/>
        <AD_Column_UU>a8759c8a-a132-4e61-9d1d-25f222f463d0</AD_Column_UU>
        <AD_Element_ID reference="uuid" reference-key="AD_Element">cebfcd7f-48e3-41a4-b9dc-b2e2262396dd</AD_Element_ID>
        <AD_Process_ID reference="id"/>
        <AD_Reference_ID reference="id">10</AD_Reference_ID>
        <AD_Val_Rule_ID reference="id"/>
        <Callout/>
        <ColumnName>Longitude</ColumnName>
        <ColumnSQL/>
        <DefaultValue/>
        <Description/>
        <EntityType>TGI</EntityType>
        <FKConstraintName/>
        <FKConstraintType>N</FKConstraintType>
        <FieldLength>30</FieldLength>
        <FormatPattern/>
        <Help/>
        <IsActive>true</IsActive>
        <IsAllowCopy>true</IsAllowCopy>
        <IsAllowLogging>true</IsAllowLogging>
        <IsAlwaysUpdateable>false</IsAlwaysUpdateable>
        <IsAutocomplete>false</IsAutocomplete>
        <IsEncrypted>N</IsEncrypted>
        <IsIdentifier>false</IsIdentifier>
        <IsKey>false</IsKey>
        <IsMandatory>false</IsMandatory>
        <IsParent>false</IsParent>
        <IsSecure>false</IsSecure>
        <IsSelectionColumn>false</IsSelectionColumn>
        <IsToolbarButton>false</IsToolbarButton>
        <IsTranslated>false</IsTranslated>
        <IsUpdateable>true</IsUpdateable>
        <MandatoryLogic/>
        <Name>Longitude</Name>
        <ReadOnlyLogic/>
        <SeqNo>0</SeqNo>
        <SeqNoSelection>0</SeqNoSelection>
        <VFormat/>
        <ValueMax/>
        <ValueMin/>
        <Version>0</Version>
    </AD_Column>
    <AD_Field type="table">
        <AD_Client_ID>0</AD_Client_ID>
        <AD_Org_ID>0</AD_Org_ID>
        <AD_Column_ID reference="uuid" reference-key="AD_Column">815f0fe4-d276-440c-bf5b-c697e6016de7</AD_Column_ID>
        <AD_FieldGroup_ID reference="id"/>
        <AD_Field_UU>33c35ac4-0802-4540-82e0-68899214f9c2</AD_Field_UU>
        <AD_Reference_ID reference="id"/>
        <AD_Reference_Value_ID reference="id"/>
        <AD_Tab_ID reference="id">154</AD_Tab_ID>
        <AD_Val_Rule_ID reference="id"/>
        <ColumnSpan>2</ColumnSpan>
        <DefaultValue/>
        <Description/>
        <DisplayLength>10</DisplayLength>
        <DisplayLogic/>
        <EntityType>TGI</EntityType>
        <Help/>
        <Included_Tab_ID reference="id"/>
        <IsActive>true</IsActive>
        <IsAdvancedField>false</IsAdvancedField>
        <IsAllowCopy/>
        <IsAlwaysUpdateable/>
        <IsCentrallyMaintained>true</IsCentrallyMaintained>
        <IsDefaultFocus>false</IsDefaultFocus>
        <IsDisplayed>true</IsDisplayed>
        <IsDisplayedGrid>true</IsDisplayedGrid>
        <IsEncrypted>false</IsEncrypted>
        <IsFieldOnly>false</IsFieldOnly>
        <IsHeading>false</IsHeading>
        <IsMandatory/>
        <IsQuickEntry>false</IsQuickEntry>
        <IsReadOnly>false</IsReadOnly>
        <IsSameLine>false</IsSameLine>
        <IsToolbarButton/>
        <IsUpdateable/>
        <MandatoryLogic/>
        <Name>Latitude</Name>
        <NumLines>1</NumLines>
        <ObscureType/>
        <ReadOnlyLogic/>
        <SeqNo>190</SeqNo>
        <SeqNoGrid>190</SeqNoGrid>
        <SortNo/>
        <XPosition>1</XPosition>
        <AD_Field_Trl type="translation">
            <Description/>
            <Help/>
            <Name>Latitude</Name>
            <AD_Language>es_CO</AD_Language>
            <IsActive>true</IsActive>
            <IsTranslated>false</IsTranslated>
        </AD_Field_Trl>
    </AD_Field>
    <AD_Field type="table">
        <AD_Client_ID>0</AD_Client_ID>
        <AD_Org_ID>0</AD_Org_ID>
        <AD_Column_ID reference="uuid" reference-key="AD_Column">a8759c8a-a132-4e61-9d1d-25f222f463d0</AD_Column_ID>
        <AD_FieldGroup_ID reference="id"/>
        <AD_Field_UU>8e2881ff-bf8b-49d8-9058-10a99d229a9b</AD_Field_UU>
        <AD_Reference_ID reference="id"/>
        <AD_Reference_Value_ID reference="id"/>
        <AD_Tab_ID reference="id">154</AD_Tab_ID>
        <AD_Val_Rule_ID reference="id"/>
        <ColumnSpan>2</ColumnSpan>
        <DefaultValue/>
        <Description/>
        <DisplayLength>10</DisplayLength>
        <DisplayLogic/>
        <EntityType>TGI</EntityType>
        <Help/>
        <Included_Tab_ID reference="id"/>
        <IsActive>true</IsActive>
        <IsAdvancedField>false</IsAdvancedField>
        <IsAllowCopy/>
        <IsAlwaysUpdateable/>
        <IsCentrallyMaintained>true</IsCentrallyMaintained>
        <IsDefaultFocus>false</IsDefaultFocus>
        <IsDisplayed>true</IsDisplayed>
        <IsDisplayedGrid>true</IsDisplayedGrid>
        <IsEncrypted>false</IsEncrypted>
        <IsFieldOnly>false</IsFieldOnly>
        <IsHeading>false</IsHeading>
        <IsMandatory/>
        <IsQuickEntry>false</IsQuickEntry>
        <IsReadOnly>false</IsReadOnly>
        <IsSameLine>true</IsSameLine>
        <IsToolbarButton/>
        <IsUpdateable/>
        <MandatoryLogic/>
        <Name>Longitude</Name>
        <NumLines>1</NumLines>
        <ObscureType/>
        <ReadOnlyLogic/>
        <SeqNo>200</SeqNo>
        <SeqNoGrid>200</SeqNoGrid>
        <SortNo/>
        <XPosition>4</XPosition>
        <AD_Field_Trl type="translation">
            <Description/>
            <Help/>
            <Name>Longitude</Name>
            <AD_Language>es_CO</AD_Language>
            <IsActive>true</IsActive>
            <IsTranslated>false</IsTranslated>
        </AD_Field_Trl>
    </AD_Field>
</idempiere>
